dataset,mae,mse,mdae,mare %,mdare %
mets_neg,4.2704053,31.349062,3.3452148,2.634444460272789,2.170260064303875
mets_neg,5.067797,46.827503,4.0794373,3.3298689872026443,2.9111359268426895
mets_neg,6.4921985,90.24963,4.0784607,3.8785893470048904,2.7654867619276047
mets_neg,3.767978,29.87652,2.5403366,2.402810752391815,1.5959883108735085
mets_neg,4.1535378,32.593124,2.64122,2.503753826022148,1.7243310809135437
