dataset,mae,mse,mdae,mare %,mdare %
mets_pos,4.936712,59.340797,3.4927063,3.1120693311095238,2.2609617561101913
mets_pos,5.0804534,56.832253,3.7133636,3.043344058096409,2.2296078503131866
mets_pos,8.186956,222.91391,4.4905853,3.911358490586281,2.515530399978161
mets_pos,6.386354,85.721306,4.4273834,3.5322152078151703,2.5835657492280006
mets_pos,6.4787664,150.2334,4.263153,3.4254897385835648,2.441476099193096
