dataset,mae,mse,mdae,mare %,mdare %
lipid_pos,4.825146,46.574596,3.2219238,1.6798902302980423,1.13039193674922
lipid_pos,3.7802038,26.20527,2.8092346,1.2997103855013847,0.9704876691102982
lipid_pos,3.4562929,31.254784,2.3255005,1.2727808207273483,0.8419735357165337
lipid_pos,2.147619,10.482755,1.625061,0.7411822210997343,0.5363691132515669
lipid_pos,4.0651975,36.789536,2.4221344,1.4938706532120705,0.8560208603739738
