dataset,mae,mse,mdae,mare %,mdare %
lipid_neg,5.159773,41.04319,4.5103455,1.9101280719041824,1.6678960993885994
lipid_neg,5.41479,43.32708,5.125183,2.1424993872642517,1.9052306190133095
lipid_neg,6.5789666,66.14783,5.8733215,2.4577438831329346,2.211918868124485
lipid_neg,6.6025004,59.144222,6.351242,2.2962287068367004,2.2665586322546005
lipid_neg,9.888333,187.33287,8.101166,4.092405363917351,3.059305250644684
